{
	"class_name" : "PinholeCameraParameters",
	"extrinsic" : 
	[
		0.28506156952414102,
		0.27622574995508464,
		-0.91784488702731493,
		0.0,
		-0.43051187089930071,
		-0.81865579008418732,
		-0.38008186799217208,
		0.0,
		-0.85638743019454533,
		0.50348985334700258,
		-0.11444884001769824,
		0.0,
		0.41729989918208554,
		-0.72055083391734231,
		13.896567412953173,
		1.0
	],
	"intrinsic" : 
	{
		"height" : 750,
		"intrinsic_matrix" : 
		[
			649.519052838329,
			0.0,
			0.0,
			0.0,
			649.519052838329,
			0.0,
			767.5,
			374.5,
			1.0
		],
		"width" : 1536
	},
	"version_major" : 1,
	"version_minor" : 0
}