{
	"class_name" : "PinholeCameraParameters",
	"extrinsic" : 
	[
		-0.22328455207224845,
		-0.39068570417277837,
		0.89303342006943709,
		0.0,
		0.95746352928693423,
		-0.25969729637499811,
		0.12578117641731762,
		0.0,
		0.18277745728427061,
		0.88313192378632577,
		0.43205370765468493,
		0.0,
		1.16300004849011,
		-0.86615856585374729,
		2.3805942946288399,
		1.0
	],
	"intrinsic" : 
	{
		"height" : 750,
		"intrinsic_matrix" : 
		[
			649.519052838329,
			0.0,
			0.0,
			0.0,
			649.519052838329,
			0.0,
			767.5,
			374.5,
			1.0
		],
		"width" : 1536
	},
	"version_major" : 1,
	"version_minor" : 0
}