{
	"class_name" : "PinholeCameraParameters",
	"extrinsic" : 
	[
		0.94567442816438119,
		0.1669145855162415,
		0.27899712732913945,
		0.0,
		0.12775989082971106,
		-0.97990250936791801,
		0.15319426369690856,
		0.0,
		0.29896034220469953,
		-0.10922725519026358,
		-0.94799373442678947,
		0.0,
		null,
		null,
		null,
		1.0
	],
	"intrinsic" : 
	{
		"height" : 540,
		"intrinsic_matrix" : 
		[
			467.65371804359688,
			0.0,
			0.0,
			0.0,
			467.65371804359688,
			0.0,
			479.5,
			269.5,
			1.0
		],
		"width" : 960
	},
	"version_major" : 1,
	"version_minor" : 0
}