{
	"class_name" : "PinholeCameraParameters",
	"extrinsic" : 
	[
		0.9053389759310041,
		0.37236978122490411,
		-0.20421088289001132,
		0.0,
		-0.4124243157422553,
		0.88560712833158228,
		-0.21355607702151908,
		0.0,
		0.10132878389052816,
		0.2775621737175395,
		0.95534900286568625,
		0.0,
		0.10690604113859009,
		0.2928395271576677,
		4.6567575583249319,
		1.0
	],
	"intrinsic" : 
	{
		"height" : 540,
		"intrinsic_matrix" : 
		[
			467.65371804359688,
			0.0,
			0.0,
			0.0,
			467.65371804359688,
			0.0,
			479.5,
			269.5,
			1.0
		],
		"width" : 960
	},
	"version_major" : 1,
	"version_minor" : 0
}