{
	"class_name" : "PinholeCameraParameters",
	"extrinsic" : 
	[
		-0.91339450606258565,
		-0.40463562570272604,
		0.044502659548037601,
		0.0,
		0.17582784805847446,
		-0.29355811020571254,
		0.93963195123387366,
		0.0,
		-0.36714444588174172,
		0.86607946883909803,
		0.33928057638711751,
		0.0,
		0.77928048118321325,
		-0.54031002981912835,
		5.3153557253704413,
		1.0
	],
	"intrinsic" : 
	{
		"height" : 540,
		"intrinsic_matrix" : 
		[
			467.65371804359688,
			0.0,
			0.0,
			0.0,
			467.65371804359688,
			0.0,
			479.5,
			269.5,
			1.0
		],
		"width" : 960
	},
	"version_major" : 1,
	"version_minor" : 0
}