{
	"class_name" : "PinholeCameraParameters",
	"extrinsic" : 
	[
		0.99836228905404234,
		-0.03339852165145344,
		0.046446512746064969,
		0.0,
		0.0017525353998724506,
		0.82936472800001826,
		0.55870482060666704,
		0.0,
		-0.057181014457992729,
		-0.55770842444861202,
		0.82806500039827891,
		0.0,
		-1.9094145680178809,
		-1.8995882224421217,
		11.25831374138318,
		1.0
	],
	"intrinsic" : 
	{
		"height" : 540,
		"intrinsic_matrix" : 
		[
			467.65371804359688,
			0.0,
			0.0,
			0.0,
			467.65371804359688,
			0.0,
			479.5,
			269.5,
			1.0
		],
		"width" : 960
	},
	"version_major" : 1,
	"version_minor" : 0
}