{
	"class_name" : "PinholeCameraParameters",
	"extrinsic" : 
	[
		0.82814672338606665,
		0.471876468335855,
		-0.30249893086720575,
		0.0,
		-0.29574611809472218,
		0.82630819059411809,
		0.47932140343299651,
		0.0,
		0.47613783527128395,
		-0.30748556517006714,
		0.82386005427816444,
		0.0,
		0.71680843321606336,
		3.4247376221039847,
		10.557976313394782,
		1.0
	],
	"intrinsic" : 
	{
		"height" : 708,
		"intrinsic_matrix" : 
		[
			613.14598587938258,
			0.0,
			0.0,
			0.0,
			613.14598587938258,
			0.0,
			629.5,
			353.5,
			1.0
		],
		"width" : 1260
	},
	"version_major" : 1,
	"version_minor" : 0
}