{
	"class_name" : "PinholeCameraParameters",
	"extrinsic" : 
	[
		-0.086586217592841436,
		0.14886189427498756,
		-0.98505987805606399,
		0.0,
		-0.52235964311129701,
		0.83517244619174213,
		0.17212608277289063,
		0.0,
		0.84831788273712805,
		0.52945927280100025,
		0.0054450228128502948,
		0.0,
		-0.42156070829220615,
		-0.79967396479793607,
		3.4225173950315724,
		1.0
	],
	"intrinsic" : 
	{
		"height" : 682,
		"intrinsic_matrix" : 
		[
			590.62932538098721,
			0.0,
			0.0,
			0.0,
			590.62932538098721,
			0.0,
			479.5,
			340.5,
			1.0
		],
		"width" : 960
	},
	"version_major" : 1,
	"version_minor" : 0
}