{
	"class_name" : "PinholeCameraParameters",
	"extrinsic" : 
	[
		0.94009673733468002,
		-0.018945299468046611,
		0.34038096315857008,
		0.0,
		-0.10474914169757515,
		0.93410047550965214,
		0.34129740544906451,
		0.0,
		-0.32441600109475355,
		-0.35650719106451112,
		0.87616030551091573,
		0.0,
		-4.0034945977391834,
		-1.6758452947564106,
		11.262360332595204,
		1.0
	],
	"intrinsic" : 
	{
		"height" : 540,
		"intrinsic_matrix" : 
		[
			467.65371804359688,
			0.0,
			0.0,
			0.0,
			467.65371804359688,
			0.0,
			479.5,
			269.5,
			1.0
		],
		"width" : 960
	},
	"version_major" : 1,
	"version_minor" : 0
}